{"stats":{"minecraft:used":{"minecraft:water_bucket":2,"minecraft:stone_pickaxe":15,"minecraft:wooden_pickaxe":33,"travelersbackpack:coal":1,"minecraft:rotten_flesh":2,"minecraft:dirt":1,"minecraft:crafting_table":2,"minecraft:chainmail_chestplate":1,"waystones:waystone":2,"minecraft:spruce_boat":1,"minecraft:iron_helmet":1,"minecraft:iron_boots":1,"minecraft:stone_axe":33,"minecraft:diamond_sword":13,"minecraft:smithing_table":1,"minecraft:furnace":1,"minecraft:cooked_porkchop":4,"minecraft:bucket":12,"minecraft:iron_leggings":1,"minecraft:chainmail_leggings":1},"minecraft:picked_up":{"minecraft:enchanting_table":1,"minecraft:crafting_table":2,"iceandfire:witherbone":18,"minecraft:golden_carrot":4,"minecraft:water_bucket":1,"minecraft:leather":5,"minecraft:smithing_table":2,"minecraft:diamond_sword":1,"minecraft:oak_log":6,"minecraft:chainmail_chestplate":1,"minecraft:shield":1,"travelersbackpack:gold_tier_upgrade":1,"minecraft:dirt":1,"minecraft:string":1,"iceandfire:dragonbone_pickaxe":1,"minecraft:iron_axe":1,"minecraft:flint_and_steel":1,"minecraft:iron_leggings":1,"minecraft:bone":1,"minecraft:wheat_seeds":1,"minecraft:beef":1,"minecraft:iron_ingot":37,"travelersbackpack:coal":2,"minecraft:iron_pickaxe":1,"travelersbackpack:blank_upgrade":7,"minecraft:iron_boots":1,"minecraft:furnace":1,"minecraft:book":256,"minecraft:stick":1,"iceandfire:dragonbone":64,"iceandfire:dragonbone_sword":1,"travelersbackpack:iron_tier_upgrade":1,"travelersbackpack:diamond_tier_upgrade":1,"minecraft:porkchop":5,"minecraft:spruce_log":21,"minecraft:arrow":2,"minecraft:rotten_flesh":4,"minecraft:diamond":2,"minecraft:spruce_boat":1,"waystones:waystone":3,"minecraft:chainmail_leggings":1,"minecraft:iron_helmet":1,"minecraft:diamond_axe":1,"minecraft:iron_block":3,"minecraft:golden_apple":3,"minecraft:gold_ingot":128,"iceandfire:dragonbone_bow":1,"minecraft:bread":32,"minecraft:oak_sapling":1,"minecraft:mutton":5,"minecraft:white_wool":3,"minecraft:obsidian":14,"minecraft:coal":37,"minecraft:cobblestone":19},"minecraft:mined":{"minecraft:smithing_table":1,"minecraft:crafting_table":2,"minecraft:grass_block":1,"minecraft:tall_grass":2,"minecraft:spruce_leaves":6,"minecraft:large_fern":2,"travelersbackpack:coal":1,"minecraft:furnace":1,"minecraft:spruce_log":21,"minecraft:grass":4,"minecraft:coal_ore":19,"minecraft:oak_log":6,"minecraft:stone":19,"minecraft:oak_leaves":1,"minecraft:fern":1},"minecraft:custom":{"minecraft:interact_with_smithing_table":1,"minecraft:interact_with_furnace":4,"minecraft:mob_kills":10,"minecraft:interact_with_crafting_table":3,"minecraft:leave_game":1,"minecraft:time_since_death":26119,"minecraft:time_since_rest":26149,"minecraft:waystone_activated":2,"minecraft:sprint_one_cm":58185,"minecraft:damage_taken":438,"minecraft:walk_one_cm":54505,"minecraft:drop":7,"minecraft:damage_dealt":1634,"minecraft:swim_one_cm":1929,"minecraft:fly_one_cm":94021,"minecraft:player_kills":1,"minecraft:crouch_one_cm":85,"minecraft:play_time":29417,"minecraft:deaths":1,"minecraft:sneak_time":103,"minecraft:walk_under_water_one_cm":1337,"minecraft:boat_one_cm":12015,"minecraft:jump":590,"minecraft:walk_on_water_one_cm":1924,"minecraft:total_world_time":29417,"minecraft:fall_one_cm":19849},"minecraft:dropped":{"minecraft:wheat_seeds":1,"minecraft:diamond_axe":1,"minecraft:rotten_flesh":2,"travelersbackpack:blank_upgrade":6,"minecraft:chainmail_leggings":1,"minecraft:string":1},"minecraft:killed":{"minecraft:pig":2,"minecraft:spider":1,"minecraft:sheep":3,"minecraft:skeleton":1,"minecraft:zombie":2,"minecraft:cow":1},"minecraft:crafted":{"minecraft:cooked_porkchop":5,"minecraft:crafting_table":1,"minecraft:spruce_planks":36,"minecraft:wooden_pickaxe":1,"minecraft:furnace":1,"minecraft:stone_axe":1,"minecraft:air":0,"minecraft:stick":8,"minecraft:stone_pickaxe":1,"minecraft:spruce_boat":1}},"DataVersion":3465}