{"stats":{"minecraft:used":{"minecraft:spruce_door":1,"minecraft:stone_pickaxe":64,"minecraft:wooden_pickaxe":46,"minecraft:crafting_table":3,"minecraft:spruce_log":1,"minecraft:wooden_sword":40,"minecraft:diamond_sword":86,"minecraft:cobblestone":1,"minecraft:furnace":1,"minecraft:cooked_beef":4},"minecraft:picked_up":{"minecraft:crafting_table":3,"minecraft:iron_chestplate":1,"minecraft:feather":2,"minecraft:chicken":2,"minecraft:leather":2,"minecraft:diamond_sword":1,"minecraft:chain":1,"iceandfire:manuscript":8,"minecraft:iron_leggings":1,"minecraft:cooked_mutton":2,"minecraft:bone":7,"minecraft:wheat_seeds":1,"minecraft:gold_nugget":1,"minecraft:beef":9,"minecraft:cooked_chicken":7,"minecraft:cobweb":8,"minecraft:rose_bush":3,"travelersbackpack:skeleton":1,"minecraft:iron_pickaxe":1,"minecraft:iron_boots":2,"minecraft:furnace":1,"minecraft:stick":1,"iceandfire:ghost_chest":1,"minecraft:sweet_berries":12,"minecraft:spruce_sapling":1,"minecraft:spruce_log":9,"minecraft:rotten_flesh":5,"minecraft:diamond":4,"minecraft:iron_helmet":1,"minecraft:gray_wool":1,"iceandfire:raw_silver":2,"minecraft:mutton":5,"minecraft:iron_bars":2,"minecraft:coal":65,"minecraft:white_wool":2,"minecraft:cobblestone":60},"minecraft:mined":{"iceandfire:silver_ore":2,"minecraft:crafting_table":3,"iceandfire:ghost_chest":1,"minecraft:rose_bush":3,"biomesoplenty:high_grass_plant":12,"minecraft:tall_grass":7,"minecraft:spruce_leaves":5,"biomesoplenty:sprout":10,"minecraft:furnace":1,"minecraft:spruce_log":9,"minecraft:grass":4,"biomesoplenty:high_grass":10,"minecraft:coal_ore":43,"minecraft:vine":1,"minecraft:iron_bars":2,"minecraft:stone":60,"minecraft:fern":1},"minecraft:custom":{"minecraft:interact_with_furnace":4,"minecraft:mob_kills":14,"minecraft:interact_with_crafting_table":8,"minecraft:leave_game":1,"minecraft:time_since_death":26186,"minecraft:climb_one_cm":242,"minecraft:time_since_rest":26239,"minecraft:sprint_one_cm":62240,"minecraft:damage_taken":798,"minecraft:walk_one_cm":87151,"minecraft:trigger_trapped_chest":1,"minecraft:drop":4,"minecraft:damage_dealt":1685,"minecraft:swim_one_cm":18460,"minecraft:fly_one_cm":79947,"minecraft:play_time":28515,"minecraft:deaths":2,"minecraft:sneak_time":13,"minecraft:walk_under_water_one_cm":5376,"minecraft:jump":598,"minecraft:walk_on_water_one_cm":4106,"minecraft:total_world_time":28515,"minecraft:fall_one_cm":21929},"minecraft:dropped":{"minecraft:rose_bush":3,"minecraft:chain":1},"minecraft:killed_by":{"minecraft:player":1},"minecraft:killed":{"minecraft:pig":2,"minecraft:zombie_villager":1,"minecraft:sheep":3,"iceandfire:ghost":1,"minecraft:chicken":2,"minecraft:cow":5},"minecraft:crafted":{"minecraft:cooked_beef":4,"minecraft:wooden_sword":2,"minecraft:crafting_table":1,"minecraft:spruce_planks":32,"minecraft:wooden_pickaxe":2,"minecraft:spruce_door":3,"minecraft:furnace":1,"minecraft:air":0,"minecraft:stick":8,"minecraft:stone_pickaxe":1,"minecraft:torch":4}},"DataVersion":3465}