{"stats":{"minecraft:picked_up":{"minecraft:pumpkin":1,"minecraft:chainmail_leggings":1,"minecraft:diamond_axe":1,"minecraft:mutton":3,"travelersbackpack:blank_upgrade":3,"minecraft:white_wool":2},"minecraft:mined":{"minecraft:birch_leaves":1,"minecraft:pumpkin":1,"minecraft:oak_leaves":1},"minecraft:custom":{"minecraft:time_since_rest":31803,"minecraft:sprint_one_cm":76575,"minecraft:damage_taken":170,"minecraft:walk_one_cm":30246,"minecraft:drop":52,"minecraft:damage_dealt":33,"minecraft:swim_one_cm":19937,"minecraft:fly_one_cm":400652,"minecraft:play_time":31803,"minecraft:sneak_time":312,"minecraft:walk_under_water_one_cm":165,"minecraft:jump":355,"minecraft:leave_game":1,"minecraft:walk_on_water_one_cm":1171,"minecraft:time_since_death":31803,"minecraft:total_world_time":31803,"minecraft:fall_one_cm":5739},"minecraft:dropped":{"iceandfire:dragonbone_sword":1,"minecraft:bread":32,"minecraft:water_bucket":1,"minecraft:diamond_sword":2,"minecraft:iron_ingot":37,"minecraft:iron_block":3,"travelersbackpack:gold_tier_upgrade":1,"minecraft:shield":1,"minecraft:diamond_axe":1,"minecraft:cooked_chicken":7,"minecraft:golden_carrot":4,"travelersbackpack:coal":1,"minecraft:iron_chestplate":1,"minecraft:diamond":6,"minecraft:smithing_table":1,"minecraft:obsidian":14,"iceandfire:witherbone":18,"travelersbackpack:blank_upgrade":4,"iceandfire:dragonbone_bow":1,"minecraft:iron_helmet":2,"minecraft:iron_leggings":2,"minecraft:book":256,"minecraft:iron_boots":3,"travelersbackpack:skeleton":1,"minecraft:leather":4,"minecraft:iron_axe":1,"travelersbackpack:iron_tier_upgrade":1,"waystones:waystone":1,"minecraft:iron_pickaxe":2,"minecraft:chainmail_leggings":1,"travelersbackpack:diamond_tier_upgrade":1,"minecraft:golden_apple":3,"minecraft:gold_ingot":128,"minecraft:enchanting_table":1,"iceandfire:dragonbone_pickaxe":1,"iceandfire:dragonbone":64,"minecraft:flint_and_steel":1,"minecraft:chainmail_chestplate":1}},"DataVersion":3465}